"Source:","/home/jkajzer/Pulpit/Debug_BreakBoard/Debug_BreakBoard.kicad_sch"
"Date:","Fri 04 Aug 2023 15:39:40 CEST"
"Tool:","Eeschema 7.0.6"
"Generator:","/app/share/kicad/plugins/bom_csv_grouped_by_value.py"
"Component Count:","66"

"Collated Components:"

"Item","Qty","Reference(s)","Value","LibPart","Footprint","Datasheet","DNP","Manufacturer","Part Number"
"1","12","D1, D2, D3, D4, D5, D6, D7, D8, D9, D10, D11, D12","LED","Device:LED","LED_SMD:LED_0603_1608Metric_Pad1.05x0.95mm_HandSolder","~","","Wurth Elektronik","150060BS75000"
"2","1","J1","FFC2A32-12-T","RackLab_Lib:FFC2A32-12-T","RackLab:FFC2A32-12-T","","","GCT","FFC2A32-12-T"
"3","3","J2, J4, J8","Conn_02x12_Counter_Clockwise","Connector_Generic:Conn_02x12_Odd_Even","Connector_PinHeader_2.54mm:PinHeader_2x12_P2.54mm_Vertical","~","","",""
"4","12","J3, J5, J6, J7, J9, J10, J11, J12, J13, J14, J15, J16","Conn_01x03_Pin","Connector:Conn_01x03_Pin","Connector_PinHeader_2.54mm:PinHeader_1x03_P2.54mm_Vertical","~","","",""
"5","1","J17","Conn_01x02_Pin","Connector:Conn_01x02_Pin","Connector_PinHeader_2.54mm:PinHeader_1x02_P2.54mm_Vertical","~","","",""
"6","1","P1","USB4125-GF-A-0190","RackLab_Lib:USB4125-GF-A-0190","RackLab:USB4125-GF-A-0190","https://www.usb.org/sites/default/files/documents/usb_type-c.zip","","GCT","USB4125-GF-A-0190"
"7","12","R1, R2, R3, R4, R5, R6, R7, R8, R9, R10, R11, R12","510R","Device:R_Small","Resistor_SMD:R_0603_1608Metric_Pad0.98x0.95mm_HandSolder","~","","Kamaya","RMC1/16-511JTP"
"8","12","SW1, SW2, SW3, SW4, SW5, SW6, SW7, SW8, SW9, SW10, SW11, SW12","SW_Push","Switch:SW_Push","Button_Switch_THT:SW_PUSH_6mm_H5mm","~","","CUI Devices","TS02-66-70-BK-100-SCR-D"
"9","12","U1, U2, U3, U4, U5, U6, U7, U8, U9, U10, U11, U12","TLV6001UIDBVR ","RackLab_Lib:TLV6001UIDBVR ","Package_TO_SOT_SMD:SOT-23-5","http://www.ti.com/lit/ds/symlink/tlv6001.pdf","","Texas Instruments","TLV6001UIDBVR "
